<?xml version="1.0" encoding="UTF-8" standalone="yes"?>
<addon id="plugin.video.Sinema"
       name="[COLOR orange]Sinema[/COLOR]"
       version="0.0.6"
       provider-name="xbmcTR Team">
  <requires>
    <import addon="xbmc.python" version="2.1.0"/>
	<import addon="script.module.urlresolver" version="2.4.0"/>
	<import addon="script.module.beautifulsoup" version="3.0.8"/>
	<import addon="script.module.t0mm0.common" />
	  </requires>
  <extension point="xbmc.python.pluginsource" provides="video" library="sinema.py">
        <provides>video</provides>
  </extension>
  <extension point="xbmc.addon.metadata">
    <summary>DreamTR Team </summary>
    <description>[COLOR orange]~~~http://forum.dreamtr.org  ~~~[/COLOR]</description>
    <platform>all</platform>
  </extension>
</addon>
