<?xml version="1.0" encoding="UTF-8" standalone="yes"?>
<addon id="plugin.video.dreAM"
       name="[COLOR beige]dream[/COLOR][COLOR red]TR[/COLOR]"
       version="0.0.7"
       provider-name="[COLOR beige]dream[/COLOR][COLOR red]TR[/COLOR]">
  <requires>
	<import addon="xbmc.python" version="2.1.0"/>
        <import version="3.0.8" addon="script.module.beautifulsoup"/> 
        <import addon="script.module.simplejson"/>
        <import addon="script.module.urlresolver"/>
        <import addon="script.module.t0mm0.common"/>
        <import version="0.2.6" addon="script.module.mechanize"/>
        <import version="1.1.6" addon="script.module.buggalo"/>
        <import version="2.4.3" addon="script.module.requests"/>
	</requires>
  <extension point="xbmc.python.pluginsource" library="dreAM.py">
        <provides>video</provides>
  </extension>
  <extension point="xbmc.addon.metadata">
    <summary>[COLOR beige]dre[/COLOR][COLOR red]AM[/COLOR] [COLOR beige]Team Sunar[/COLOR]</summary>
    <description>[COLOR beige]dre[/COLOR][COLOR red]AM[/COLOR] Internet Uzerinden Canli TV, Sinema, Dizi, Belgesel ve daha Fazlasi elinizin altinda.
	[COLOR beige]dre[/COLOR][COLOR red]AM[/COLOR] internet Uzerinden topladigi Linklerle calisir ve hicbir video veya canli yayini serverlarinda bulundurmaz.</description>
    <platform>all</platform>
  </extension>
</addon>

