<?xml version="1.0" encoding="UTF-8" standalone="yes"?>
<addon id="plugin.video.temizlik.imandan.gelir"
       name="[COLOR yellow]Temizle Pakla[/COLOR]"
       version="0.0.5"
       provider-name="DreamTR">
  <requires>
    <import addon="xbmc.python" version="2.1.0"/>
	  </requires>
  <extension point="xbmc.python.pluginsource"
            library="default.py">
        <provides>video</provides>
  </extension>
  <extension point="xbmc.addon.metadata">
    <summary>Kodi Temizlik Eklentisi</summary>
    <description>[COLOR yellow]DreamTR Team[/COLOR] sunar. Xbmc,Kodi nizin daha hizli ve iyi calismasini saglar.Sifresizdir.Herkes Kullanabilir. </description>
    <platform>all</platform>
  </extension>
</addon>
