<?xml version="1.0" encoding="UTF-8" standalone="yes"?>
<addon id="plugin.video.temizlik.imandan.gelir"
       name="[COLOR yellow]Temizle Pakla[/COLOR]"
       version="0.0.4"
       provider-name="HappyFeets">
  <requires>
    <import addon="xbmc.python" version="2.1.0"/>
	  </requires>
  <extension point="xbmc.python.pluginsource"
            library="default.py">
        <provides>video</provides>
  </extension>
  <extension point="xbmc.addon.metadata">
    <summary> Temizle Pakla: Pur-u Pak </summary>
    <description>[COLOR yellow]xbmcTR Team[/COLOR] sunar. Xbmc nizin daha hizli ve iyi calismasini saglar.Sifresizdir.Herkes Kullanabilir. </description>
    <platform>all</platform>
  </extension>
</addon>
