<?xml version="1.0" encoding="UTF-8" standalone="yes"?>
<addon id="script.xbmctr" 
	     name="Dream Clup" 
	     version="17" 
	     provider-name="xbmcTR Team">
  <requires>
    <import addon="xbmc.python" version="2.1.0" />
	<import addon="script.module.xbmctr" />
  </requires>
  <extension point="xbmc.python.script" library="default.py">
        <provides>Settings</provides>
  </extension>
  <extension point="xbmc.addon.metadata">
    <platform>all</platform>
    <summary lang="en">some functions for XbmcTR Team addons</summary>
    <description lang="en">test....</description>    
  </extension>
</addon>
