<?xml version="1.0" encoding="UTF-8" standalone="yes"?>
<addon id="script.xbmc.debug.log" name="[COLOR yellow]Log Yukleyici[/COLOR]" version="12.0.2" provider-name="Tristan">
    <requires>
        <import addon="xbmc.python" version="2.1.0"/>
    </requires>
    <extension point="xbmc.python.script" library="addon.py"/>
    <extension point="xbmc.addon.metadata">
        <language></language>
        <platform>all</platform>
        <website>http://xbmcLogs.com</website>
        <license>GNU GENERAL PUBLIC LICENSE. Version 2, June 1991</license>
		<summary lang="tr">Log larinizi xbmclogs.com a Yukler</summary>
		<summary lang="de">Lädt logs zu xbmclogs.com hoch</summary>
        <summary lang="en">Uploads your logs to xbmclogs.com</summary>
        <summary lang="fr">Envoie vos logs vers xbmclogs.com</summary>
        <summary lang="hr">Pošaljite vaše zapise na xbmclogs.com</summary>
        <summary lang="hu">Feltölti a naplófájljait az xbmclogs.com-ra</summary>
        <summary lang="it">Carica i tuoi log su xbmclogs.com</summary>
        <summary lang="nl">Upload je logs naar xbmclogs.com</summary>
		<description lang="tr">Bu eklenti Loglarinizi xbmclogs.com[CR] a yukler.Yuklenen LOG lariniz icin email adresinize bildirimler gelir. Ceviri:>_HappyFeets_> </description>
		<description lang="da">Denne addon indsender dine logfiler til xbmclogs.com[CR]Du vil modtage en email med direkte links til de indsendte logfiler.</description>
        <description lang="de">Dieses Add-on lädt deine Logfiles auf www.xbmclogs.com hoch[CR]Du wirst eine Email mit Links zu deinen Logfiles erhalten.</description>
        <description lang="el">Αυτό το Πρόσθετο ανεβάζει τα αρχεία καταγραφής σας στο xbmclogs.com[CR]Θα λάβετε ένα email με ξεχωριστούς συνδέσμους για τα ανεβασμένα αρχεία</description>
        <description lang="en">Bu eklenti Loglarinizi xbmclogs.com[CR] a yukler.Yuklenen LOG lariniz icin email adresinize bildirimler gelir. Ceviri:>_HappyFeets_> This Addon uploads your logs to xbmclogs.com[CR]You will receive an email with seperate links to the uploaded logfiles</description>
        <description lang="fr">Cette extension envoie vos logs vers xbmclogs.com[CR]Vous recevrez un email avec les liens pour les fichiers de log.</description>
        <description lang="hu">Ez a kiegészítő feltölti a naplófájljait az xbmclogs.com-ra[CR]Kapni fog egy levelet külön-külön linkekkel a feltöltött naplókra.</description>
        <description lang="it">Questo Addon carica i tuoi log su xbmclogos.com [CR] Riceverai una email con il link per caricare il file di log</description>
        <description lang="nl">Deze addon upload je logs naar xbmclogs.com [CR] U ontvangt een e-mail met verschillende links naar de geuploade bestanden</description>
    </extension>
</addon>
